{
  "format": "kaleido_editor_scene",
  "version": 4,
  "modelPath": "ABeautifulGame/ABeautifulGame.gltf",
  "camera": {
    "position": [
      0.13104248046875,
      0.12657012045383453,
      0.07953561842441559
    ],
    "eulerDegrees": [
      -7.100033283233643,
      -296.5006408691406,
      0.0
    ],
    "fovY": 1.2217304706573486,
    "znear": 0.10000000149011612,
    "moveSpeed": 0.20000000298023224,
    "dollyZoomEnabled": false,
    "dollyZoomRefDistance": 5.0
  },
  "renderSettings": {
    "meshShadingEnabled": true,
    "taskShadingEnabled": false,
    "cullingEnabled": true,
    "occlusionEnabled": true,
    "clusterOcclusionEnabled": true,
    "shadowEnabled": true,
    "shadowQuality": 1,
    "shadowBlurEnabled": true,
    "shadowCheckerboard": false,
    "taaEnabled": true,
    "taaBlendAlpha": 0.10000000149011612,
    "screenSpaceRefractionEnabled": true,
    "lodEnabled": true,
    "debugLodStep": 7,
    "animationEnabled": false,
    "reloadShaders": false,
    "debugGuiMode": 1,
    "debugSleep": false,
    "gbufferDebugViewMode": 0,
    "clusterRTEnabled": false
  },
  "viewport": {
    "width": 1920,
    "height": 1080
  },
  "editorUi": {
    "selectedGltfNode": 0,
    "selectionOutlineEnabled": false,
    "showSelectedSubtreeAabb": true
  },
  "transforms": {
    "nodeLocalMatrices": [
      [
        1.0,
        0.0,
        0.0,
        0.0,
        0.0,
        1.0,
        0.0,
        0.0,
        0.0,
        0.0,
        1.0,
        0.0,
        -0.03142297640442848,
        0.0174538753926754,
        0.019999999552965164,
        1.0
      ],
      [
        1.0,
        0.0,
        0.0,
        0.0,
        0.0,
        1.0,
        0.0,
        0.0,
        0.0,
        0.0,
        1.0,
        0.0,
        -0.03176186978816986,
        0.01745394617319107,
        -0.22027580440044403,
        1.0
      ],
      [
        1.0,
        0.0,
        0.0,
        0.0,
        0.0,
        1.0,
        0.0,
        0.0,
        0.0,
        0.0,
        1.0,
        0.0,
        0.030731208622455597,
        0.01762339472770691,
        0.21983970701694489,
        1.0
      ],
      [
        1.0,
        0.0,
        0.0,
        0.0,
        0.0,
        1.0,
        0.0,
        0.0,
        0.0,
        0.0,
        1.0,
        0.0,
        0.03090556710958481,
        0.01686232164502144,
        -0.22027580440044403,
        1.0
      ],
      [
        1.0,
        0.0,
        0.0,
        0.0,
        0.0,
        1.0,
        0.0,
        0.0,
        0.0,
        0.0,
        1.0,
        0.0,
        0.0,
        0.0,
        0.0,
        1.0
      ],
      [
        1.0,
        0.0,
        0.0,
        0.0,
        0.0,
        1.0,
        0.0,
        0.0,
        0.0,
        0.0,
        1.0,
        0.0,
        -0.03125,
        -0.014926999807357788,
        0.03125,
        1.0
      ],
      [
        1.0,
        0.0,
        0.0,
        0.0,
        0.0,
        1.0,
        0.0,
        0.0,
        0.0,
        0.0,
        1.0,
        0.0,
        0.21845926344394684,
        0.014926999807357788,
        -0.15599016845226288,
        1.0
      ],
      [
        1.0,
        0.0,
        0.0,
        0.0,
        0.0,
        1.0,
        0.0,
        0.0,
        0.0,
        0.0,
        1.0,
        0.0,
        -0.03125,
        -0.014926999807357788,
        0.03125,
        1.0
      ],
      [
        1.0,
        0.0,
        0.0,
        0.0,
        0.0,
        1.0,
        0.0,
        0.0,
        0.0,
        0.0,
        1.0,
        0.0,
        0.15633293986320496,
        0.014926999807357788,
        -0.15608981251716614,
        1.0
      ],
      [
        1.0,
        0.0,
        0.0,
        0.0,
        0.0,
        1.0,
        0.0,
        0.0,
        0.0,
        0.0,
        1.0,
        0.0,
        -0.03125,
        -0.014926999807357788,
        0.03125,
        1.0
      ],
      [
        1.0,
        0.0,
        0.0,
        0.0,
        0.0,
        1.0,
        0.0,
        0.0,
        0.0,
        0.0,
        1.0,
        0.0,
        0.09358328580856323,
        0.014926999807357788,
        -0.09414908289909363,
        1.0
      ],
      [
        1.0,
        0.0,
        0.0,
        0.0,
        0.0,
        1.0,
        0.0,
        0.0,
        0.0,
        0.0,
        1.0,
        0.0,
        -0.03124999813735485,
        -0.014926999807357788,
        0.03124999813735485,
        1.0
      ],
      [
        1.0,
        0.0,
        0.0,
        0.0,
        0.0,
        1.0,
        0.0,
        0.0,
        0.0,
        0.0,
        1.0,
        0.0,
        0.03124999813735485,
        0.014926999807357788,
        -0.03124999813735485,
        1.0
      ],
      [
        1.0,
        0.0,
        0.0,
        0.0,
        0.0,
        1.0,
        0.0,
        0.0,
        0.0,
        0.0,
        1.0,
        0.0,
        -0.03124999813735485,
        -0.014926999807357788,
        0.03125,
        1.0
      ],
      [
        1.0,
        0.0,
        0.0,
        0.0,
        0.0,
        1.0,
        0.0,
        0.0,
        0.0,
        0.0,
        1.0,
        0.0,
        -0.031169699504971504,
        0.014926999807357788,
        -0.1564261019229889,
        1.0
      ],
      [
        1.0,
        0.0,
        0.0,
        0.0,
        0.0,
        1.0,
        0.0,
        0.0,
        0.0,
        0.0,
        1.0,
        0.0,
        -0.03125,
        -0.014926999807357788,
        0.03125,
        1.0
      ],
      [
        1.0,
        0.0,
        0.0,
        0.0,
        0.0,
        1.0,
        0.0,
        0.0,
        0.0,
        0.0,
        1.0,
        0.0,
        -0.09379050135612488,
        0.014926999807357788,
        -0.1562434285879135,
        1.0
      ],
      [
        1.0,
        0.0,
        0.0,
        0.0,
        0.0,
        1.0,
        0.0,
        0.0,
        0.0,
        0.0,
        1.0,
        0.0,
        -0.03125,
        -0.014926999807357788,
        0.03125,
        1.0
      ],
      [
        1.0,
        0.0,
        0.0,
        0.0,
        0.0,
        1.0,
        0.0,
        0.0,
        0.0,
        0.0,
        1.0,
        0.0,
        -0.1564229130744934,
        0.014927003532648087,
        -0.1564216911792755,
        1.0
      ],
      [
        1.0,
        0.0,
        0.0,
        0.0,
        0.0,
        1.0,
        0.0,
        0.0,
        0.0,
        0.0,
        1.0,
        0.0,
        -0.03125,
        -0.014926999807357788,
        0.03125,
        1.0
      ],
      [
        1.0,
        0.0,
        0.0,
        0.0,
        0.0,
        1.0,
        0.0,
        0.0,
        0.0,
        0.0,
        1.0,
        0.0,
        -0.21923202276229858,
        0.014927007257938385,
        -0.15629565715789795,
        1.0
      ],
      [
        1.0,
        0.0,
        0.0,
        0.0,
        0.0,
        1.0,
        0.0,
        0.0,
        0.0,
        0.0,
        1.0,
        0.0,
        -0.03125,
        -0.014926999807357788,
        0.03125,
        1.0
      ],
      [
        1.0,
        0.0,
        0.0,
        0.0,
        0.0,
        1.0,
        0.0,
        0.0,
        0.0,
        0.0,
        1.0,
        0.0,
        -0.21923202276229858,
        0.014927007257938385,
        0.15638446807861328,
        1.0
      ],
      [
        1.0,
        0.0,
        0.0,
        0.0,
        0.0,
        1.0,
        0.0,
        0.0,
        0.0,
        0.0,
        1.0,
        0.0,
        -0.03125,
        -0.014926999807357788,
        0.03125,
        1.0
      ],
      [
        1.0,
        0.0,
        0.0,
        0.0,
        0.0,
        1.0,
        0.0,
        0.0,
        0.0,
        0.0,
        1.0,
        0.0,
        -0.15673714876174927,
        0.014927007257938385,
        0.15617261826992035,
        1.0
      ],
      [
        1.0,
        0.0,
        0.0,
